#Annotated with Bakta v1.9.3, https://github.com/oschwengers/bakta
#Database v5.1, https://doi.org/10.5281/zenodo.4247252
#Sequence Id	Start	Stop	Strand	Locus Tag	Mol Weight [kDa]	Iso El. Point	Pfam hits	Dbxrefs
contig_1	5826	6443	+	BEEJFJ_00030	22.3	4.3		RefSeq:WP_251444688.1, SO:0001217, UniParc:UPI00203BB00A, UniRef:UniRef100_UPI00203BB00A, UniRef:UniRef50_UPI00203BB00A, UniRef:UniRef90_UPI00203BB00A
contig_1	23489	24319	+	BEEJFJ_00130	28.7	11.7		
contig_1	24298	24621	+	BEEJFJ_00135	12.3	7.8		RefSeq:WP_251444750.1, SO:0001217, UniParc:UPI00203D61D9, UniRef:UniRef100_UPI00203D61D9, UniRef:UniRef50_UPI00203D61D9, UniRef:UniRef90_UPI00203D61D9
contig_1	53183	55240	-	BEEJFJ_00275	75.9	8.2		RefSeq:WP_251444827.1, SO:0001217, UniParc:UPI00203F3CAC, UniRef:UniRef100_UPI00203F3CAC, UniRef:UniRef50_UPI00203F3CAC, UniRef:UniRef90_UPI00203F3CAC
contig_1	62364	62513	+	BEEJFJ_00305	4.8	4.1		
contig_1	74669	74953	-	BEEJFJ_00360	9.3	4.2		RefSeq:WP_251444883.1, SO:0001217, UniParc:UPI00203F46EA, UniRef:UniRef100_UPI00203F46EA, UniRef:UniRef50_UPI00203F46EA, UniRef:UniRef90_UPI00203F46EA
contig_1	76649	80005	+	BEEJFJ_00370	125.2	8.8		RefSeq:WP_251444889.1, SO:0001217, UniParc:UPI00203FC4B4, UniRef:UniRef100_UPI00203FC4B4, UniRef:UniRef50_UPI0009518C53, UniRef:UniRef90_UPI00203FC4B4
contig_1	98437	98622	+	BEEJFJ_00460	7.0	5.0		RefSeq:WP_251444933.1, SO:0001217, UniParc:UPI00203A4C84, UniRef:UniRef100_UPI00203A4C84, UniRef:UniRef50_UPI00203A4C84, UniRef:UniRef90_UPI00203A4C84
contig_1	109435	110532	+	BEEJFJ_00485	43.0	6.3		RefSeq:WP_243282745.1, SO:0001217, UniParc:UPI0006C2F224, UniRef:UniRef100_A0A173YLC5, UniRef:UniRef50_A0A417HLK0, UniRef:UniRef90_A0A6I3QDH0
contig_1	110557	110655	+	BEEJFJ_00490	3.7	10.2		SO:0001217, UniParc:UPI0006C0ECF9, UniRef:UniRef100_A0A173YNM1, UniRef:UniRef50_A0A1C5YK05, UniRef:UniRef90_A0A1C5YK05
contig_1	111637	112158	+	BEEJFJ_00500	20.1	4.3		SO:0001217, UniRef:UniRef50_A0A6N7W5W3
contig_1	119736	120104	+	BEEJFJ_00550	13.2	4.1		RefSeq:WP_065533970.1, SO:0001217, UniParc:UPI0006BF576B, UniRef:UniRef100_A0A173YNI5, UniRef:UniRef50_A0A316M829, UniRef:UniRef90_C0EBU3
contig_1	127162	127257	+	BEEJFJ_00610	3.4	8.3		SO:0001217, UniParc:UPI000246CAD3, UniRef:UniRef100_A0A174WI60, UniRef:UniRef50_A0A1C5YIX0, UniRef:UniRef90_A0A174WI60
contig_1	137564	137938	+	BEEJFJ_00675	14.0	4.1		RefSeq:WP_055271787.1, SO:0001217, UniParc:UPI0006C48238, UniRef:UniRef100_A0A173YC83, UniRef:UniRef50_A0A1Y3S4A4, UniRef:UniRef90_A0A173YC83
contig_1	137968	138666	+	BEEJFJ_00680	26.0	6.2		SO:0001217, UniParc:UPI0006BFA7E8, UniRef:UniRef100_A0A173YCF7, UniRef:UniRef50_D9RA82, UniRef:UniRef90_A0A1C5YHL6
contig_1	142852	143001	+	BEEJFJ_00705	5.3	4.7		RefSeq:WP_164998286.1, SO:0001217, UniParc:UPI000820E28F, UniRef:UniRef100_A0A1C5YHA9, UniRef:UniRef50_C0EBX6, UniRef:UniRef90_A0A1C5YHA9
contig_1	152606	152761	-	BEEJFJ_00740	5.8	10.4		
contig_1	164777	165445	+	BEEJFJ_00805	24.6	4.9		RefSeq:WP_251444957.1, SO:0001217, UniParc:UPI0020417C09, UniRef:UniRef100_UPI0020417C09, UniRef:UniRef50_S0JH76, UniRef:UniRef90_UPI0020417C09
contig_1	166054	166488	+	BEEJFJ_00815	16.8	5.9		RefSeq:WP_251444963.1, SO:0001217, UniParc:UPI00203D9810, UniRef:UniRef100_UPI00203D9810, UniRef:UniRef50_UPI00195754E2, UniRef:UniRef90_UPI00203D9810
contig_1	173363	173485	+	BEEJFJ_00855	4.7	9.4		SO:0001217, UniParc:UPI00078B1E53, UniRef:UniRef100_A0A142BVK8, UniRef:UniRef50_A0A142BVK8, UniRef:UniRef90_A0A142BVK8
contig_1	192429	193502	-	BEEJFJ_00925	37.4	4.8		RefSeq:WP_251445007.1, SO:0001217, UniParc:UPI00203CBE7E, UniRef:UniRef100_UPI00203CBE7E, UniRef:UniRef50_UPI00203CBE7E, UniRef:UniRef90_UPI00203CBE7E
contig_1	230554	232005	+	BEEJFJ_01115	55.5	5.0		RefSeq:WP_251445120.1, SO:0001217, UniParc:UPI00203BDC50, UniRef:UniRef100_UPI00203BDC50, UniRef:UniRef50_UPI00203BDC50, UniRef:UniRef90_UPI00203BDC50
contig_1	233532	233897	+	BEEJFJ_01130	12.8	6.8		RefSeq:WP_251445128.1, SO:0001217, UniParc:UPI00203E3763, UniRef:UniRef100_UPI00203E3763, UniRef:UniRef50_UPI00203E3763, UniRef:UniRef90_UPI00203E3763
contig_1	233971	234219	+	BEEJFJ_01135	9.1	6.7		RefSeq:WP_251445131.1, SO:0001217, UniParc:UPI00203C8DC0, UniRef:UniRef100_UPI00203C8DC0, UniRef:UniRef50_UPI00203C8DC0, UniRef:UniRef90_UPI00203C8DC0
contig_1	234236	235033	+	BEEJFJ_01140	30.0	5.4		RefSeq:WP_251445134.1, SO:0001217, UniParc:UPI00203C564A, UniRef:UniRef100_UPI00203C564A, UniRef:UniRef50_UPI00203C564A, UniRef:UniRef90_UPI00203C564A
contig_2	5517	7682	-	BEEJFJ_01170	78.1	6.0		RefSeq:WP_251445169.1, SO:0001217, UniParc:UPI00204132D4, UniRef:UniRef100_UPI00204132D4, UniRef:UniRef50_A0A0S2VZ90, UniRef:UniRef90_UPI00204132D4
contig_2	8693	10570	+	BEEJFJ_01180	67.7	4.6		RefSeq:WP_251445175.1, SO:0001217, UniParc:UPI00203A7E75, UniRef:UniRef100_UPI00203A7E75, UniRef:UniRef50_UPI00203A7E75, UniRef:UniRef90_UPI00203A7E75
contig_2	10587	11030	+	BEEJFJ_01185	16.4	9.4		RefSeq:WP_251445178.1, SO:0001217, UniParc:UPI00203B0756, UniRef:UniRef100_UPI00203B0756, UniRef:UniRef50_UPI00203B0756, UniRef:UniRef90_UPI00203B0756
contig_2	14010	14564	-	BEEJFJ_01205	20.1	8.5		RefSeq:WP_251445189.1, SO:0001217, UniParc:UPI00203BADEF, UniRef:UniRef100_UPI00203BADEF, UniRef:UniRef50_UPI00203BADEF, UniRef:UniRef90_UPI00203BADEF
contig_2	31592	32707	+	BEEJFJ_01280	39.6	5.8		RefSeq:WP_251445229.1, SO:0001217, UniParc:UPI002040C51C, UniRef:UniRef100_UPI002040C51C, UniRef:UniRef50_UPI002040C51C, UniRef:UniRef90_UPI002040C51C
contig_2	67136	67828	-	BEEJFJ_01455	26.3	4.1		RefSeq:WP_251445322.1, SO:0001217, UniParc:UPI00203C5C8C, UniRef:UniRef100_UPI00203C5C8C, UniRef:UniRef50_UPI00203C5C8C, UniRef:UniRef90_UPI00203C5C8C
contig_2	70912	71307	-	BEEJFJ_01475	15.0	4.7		RefSeq:WP_251445335.1, SO:0001217, UniParc:UPI0020406BCE, UniRef:UniRef100_UPI0020406BCE, UniRef:UniRef50_UPI0020406BCE, UniRef:UniRef90_UPI0020406BCE
contig_2	71334	71747	-	BEEJFJ_01480	15.3	5.2		SO:0001217, UniRef:UniRef50_UPI00203DE342, UniRef:UniRef90_UPI00203DE342
contig_2	72232	72357	-	BEEJFJ_01485	4.6	4.4		
contig_2	120793	120936	-	BEEJFJ_01665	5.2	6.7		
contig_2	120921	121817	-	BEEJFJ_01670	34.2	4.8		RefSeq:WP_251445438.1, SO:0001217, UniParc:UPI00203C47F8, UniRef:UniRef100_UPI00203C47F8, UniRef:UniRef50_UPI00203C47F8, UniRef:UniRef90_UPI00203C47F8
contig_2	148064	148927	-	BEEJFJ_01870	30.6	5.6		RefSeq:WP_251445548.1, SO:0001217, UniParc:UPI0020405500, UniRef:UniRef100_UPI0020405500, UniRef:UniRef50_UPI0020405500, UniRef:UniRef90_UPI0020405500
contig_3	11339	36454	+	BEEJFJ_01935	888.4	4.5	PF00415.22|RCC1, PF02368.22|Big_2, PF13540.10|RCC1_2, PF20606.2|DUF6799	PFAM:PF00415.22, PFAM:PF02368.22, PFAM:PF13540.10, PFAM:PF20606.2
contig_3	107059	111735	+	BEEJFJ_01945	171.1	4.4		RefSeq:WP_251445603.1, SO:0001217, UniParc:UPI00203ED168, UniRef:UniRef100_UPI00203ED168, UniRef:UniRef50_UPI00203ED168, UniRef:UniRef90_UPI00203ED168
contig_3	121863	125480	-	BEEJFJ_01955	128.0	9.9		
contig_3	125535	131030	-	BEEJFJ_01960	190.5	10.9		
contig_4	13462	14502	+	BEEJFJ_02010	38.3	5.5		RefSeq:WP_251445630.1, SO:0001217, UniParc:UPI0020416FAE, UniRef:UniRef100_UPI0020416FAE, UniRef:UniRef50_UPI0020416FAE, UniRef:UniRef90_UPI0020416FAE
contig_4	14967	15185	-	BEEJFJ_02020	7.9	6.1		RefSeq:WP_251445634.1, SO:0001217, UniParc:UPI00203C96BB, UniRef:UniRef100_UPI00203C96BB, UniRef:UniRef50_A0A9D5MBT0, UniRef:UniRef90_UPI00203C96BB
contig_4	17978	18322	+	BEEJFJ_02040	13.3	4.7		RefSeq:WP_251445643.1, SO:0001217, UniParc:UPI00203C3C68, UniRef:UniRef100_UPI00203C3C68, UniRef:UniRef50_A0A212KAV6, UniRef:UniRef90_UPI00203C3C68
contig_4	68896	69270	-	BEEJFJ_02230	12.9	6.6		RefSeq:WP_251445755.1, SO:0001217, UniParc:UPI002041A092, UniRef:UniRef100_UPI002041A092, UniRef:UniRef50_UPI002041A092, UniRef:UniRef90_UPI002041A092
contig_4	69276	70211	-	BEEJFJ_02235	34.7	5.1		RefSeq:WP_251445758.1, SO:0001217, UniParc:UPI002040E9AB, UniRef:UniRef100_UPI002040E9AB, UniRef:UniRef50_UPI002040E9AB, UniRef:UniRef90_UPI002040E9AB
contig_4	70801	71394	-	BEEJFJ_02245	21.5	4.5		RefSeq:WP_251445764.1, SO:0001217, UniParc:UPI00203B76E6, UniRef:UniRef100_UPI00203B76E6, UniRef:UniRef50_UPI00203B76E6, UniRef:UniRef90_UPI00203B76E6
contig_4	71588	72007	-	BEEJFJ_02255	15.4	5.9		SO:0001217, UniRef:UniRef50_UPI0023F0657A, UniRef:UniRef90_UPI00203A4642
contig_4	73427	73921	-	BEEJFJ_02270	17.5	4.9		RefSeq:WP_251445780.1, SO:0001217, UniParc:UPI00203FDAB6, UniRef:UniRef100_UPI00203FDAB6, UniRef:UniRef50_UPI00203FDAB6, UniRef:UniRef90_UPI00203FDAB6
contig_4	73918	74244	-	BEEJFJ_02275	12.5	5.0		RefSeq:WP_251445782.1, SO:0001217, UniParc:UPI00203C4E6C, UniRef:UniRef100_UPI00203C4E6C, UniRef:UniRef50_UPI00203C4E6C, UniRef:UniRef90_UPI00203C4E6C
contig_4	74244	74591	-	BEEJFJ_02280	12.2	4.9		RefSeq:WP_251445785.1, SO:0001217, UniParc:UPI0020422FE8, UniRef:UniRef100_UPI0020422FE8, UniRef:UniRef50_UPI0020422FE8, UniRef:UniRef90_UPI0020422FE8
contig_4	76081	76998	-	BEEJFJ_02295	33.5	5.3		RefSeq:WP_251445793.1, SO:0001217, UniParc:UPI00203CA08E, UniRef:UniRef100_UPI00203CA08E, UniRef:UniRef50_A0A1Y4W735, UniRef:UniRef90_UPI00203CA08E
contig_4	88244	88840	-	BEEJFJ_02340	23.2	6.7		RefSeq:WP_251445817.1, SO:0001217, UniParc:UPI00203D39D0, UniRef:UniRef100_UPI00203D39D0, UniRef:UniRef50_UPI00203D39D0, UniRef:UniRef90_UPI00203D39D0
contig_4	89689	91173	-	BEEJFJ_02350	55.9	5.1		RefSeq:WP_251445823.1, SO:0001217, UniParc:UPI00203A8AD6, UniRef:UniRef100_UPI00203A8AD6, UniRef:UniRef50_UPI00203A8AD6, UniRef:UniRef90_UPI00203A8AD6
contig_4	91249	91527	+	BEEJFJ_02355	9.3	4.2		RefSeq:WP_251445826.1, SO:0001217, UniParc:UPI00203E4004, UniRef:UniRef100_UPI00203E4004, UniRef:UniRef50_UPI00203E4004, UniRef:UniRef90_UPI00203E4004
contig_4	91606	91992	-	BEEJFJ_02360	14.4	5.1		RefSeq:WP_251445828.1, SO:0001217, UniParc:UPI00204113E0, UniRef:UniRef100_UPI00204113E0, UniRef:UniRef50_UPI00204113E0, UniRef:UniRef90_UPI00204113E0
contig_4	95532	95906	-	BEEJFJ_02370	13.4	4.7		RefSeq:WP_251445834.1, SO:0001217, UniParc:UPI00203DE3DD, UniRef:UniRef100_UPI00203DE3DD, UniRef:UniRef50_UPI00203DE3DD, UniRef:UniRef90_UPI00203DE3DD
contig_4	96049	96450	+	BEEJFJ_02375	14.8	5.6		RefSeq:WP_251445837.1, SO:0001217, UniParc:UPI00203DE33C, UniRef:UniRef100_UPI00203DE33C, UniRef:UniRef50_UPI00203DE33C, UniRef:UniRef90_UPI00203DE33C
contig_4	109709	110080	-	BEEJFJ_02410	13.7	5.1		RefSeq:WP_251445855.1, SO:0001217, UniParc:UPI0020405B82, UniRef:UniRef100_UPI0020405B82, UniRef:UniRef50_UPI00204113E0, UniRef:UniRef90_UPI0020405B82
contig_4	110188	111006	-	BEEJFJ_02415	29.7	4.7		RefSeq:WP_251445858.1, SO:0001217, UniParc:UPI002041B6EE, UniRef:UniRef100_UPI002041B6EE, UniRef:UniRef50_UPI002041B6EE, UniRef:UniRef90_UPI002041B6EE
contig_4	111028	112344	-	BEEJFJ_02420	47.4	4.7		RefSeq:WP_251445861.1, SO:0001217, UniParc:UPI00203CDEB0, UniRef:UniRef100_UPI00203CDEB0, UniRef:UniRef50_UPI00203CDEB0, UniRef:UniRef90_UPI00203CDEB0
contig_4	114175	115854	-	BEEJFJ_02430	62.3	5.3		RefSeq:WP_251445866.1, SO:0001217, UniParc:UPI00203EE223, UniRef:UniRef100_UPI00203EE223, UniRef:UniRef50_UPI00203EE223, UniRef:UniRef90_UPI00203EE223
contig_4	117312	117599	+	BEEJFJ_02445	10.3	9.1		RefSeq:WP_251445875.1, SO:0001217, UniParc:UPI00203DB22B, UniRef:UniRef100_UPI00203DB22B, UniRef:UniRef50_UPI00203DB22B, UniRef:UniRef90_UPI00203DB22B
contig_5	15376	16062	+	BEEJFJ_02575	25.8	7.9		RefSeq:WP_251445934.1, SO:0001217, UniParc:UPI00203B1384, UniRef:UniRef100_UPI00203B1384, UniRef:UniRef50_UPI00203B1384, UniRef:UniRef90_UPI00203B1384
contig_5	29357	29635	+	BEEJFJ_02635	9.5	8.0		RefSeq:WP_251445967.1, SO:0001217, UniParc:UPI00203E6B9E, UniRef:UniRef100_UPI00203E6B9E, UniRef:UniRef50_UPI00203E6B9E, UniRef:UniRef90_UPI00203E6B9E
contig_5	29663	30148	+	BEEJFJ_02640	16.7	4.5		RefSeq:WP_251445970.1, SO:0001217, UniParc:UPI00203B86CB, UniRef:UniRef100_UPI00203B86CB, UniRef:UniRef50_A0A1Y3XGD1, UniRef:UniRef90_UPI00203B86CB
contig_5	30141	30380	+	BEEJFJ_02645	8.7	4.3		RefSeq:WP_251445972.1, SO:0001217, UniParc:UPI0020421227, UniRef:UniRef100_UPI0020421227, UniRef:UniRef50_UPI0020421227, UniRef:UniRef90_UPI0020421227
contig_5	44860	45648	-	BEEJFJ_02710	27.9	6.5		RefSeq:WP_251446007.1, SO:0001217, UniParc:UPI00203DB2B1, UniRef:UniRef100_UPI00203DB2B1, UniRef:UniRef50_A6P1L5, UniRef:UniRef90_UPI00203DB2B1
contig_5	55439	55696	-	BEEJFJ_02775	9.6	9.0		RefSeq:WP_251446036.1, SO:0001217, UniParc:UPI00203A6DC1, UniRef:UniRef100_UPI00203A6DC1, UniRef:UniRef50_UPI00203A6DC1, UniRef:UniRef90_UPI00203A6DC1
contig_5	63149	63391	+	BEEJFJ_02815	9.1	4.6		RefSeq:WP_251446058.1, SO:0001217, UniParc:UPI00203E9FE6, UniRef:UniRef100_UPI00203E9FE6, UniRef:UniRef50_UPI00203E9FE6, UniRef:UniRef90_UPI00203E9FE6
contig_5	75757	76449	-	BEEJFJ_02875	25.5	10.0		RefSeq:WP_251446092.1, SO:0001217, UniParc:UPI00203D03E0, UniRef:UniRef100_UPI00203D03E0, UniRef:UniRef50_UPI00203D03E0, UniRef:UniRef90_UPI00203D03E0
contig_6	36	1205	-	BEEJFJ_02975	41.9	4.2		RefSeq:WP_251446153.1, SO:0001217, UniParc:UPI00203F96C8, UniRef:UniRef100_UPI00203F96C8, UniRef:UniRef50_UPI00203F96C8, UniRef:UniRef90_UPI00203F96C8
contig_6	3434	3841	-	BEEJFJ_02990	14.6	8.7		SO:0001217, UniRef:UniRef50_UPI0020400E35, UniRef:UniRef90_UPI0020400E35
contig_6	3939	4277	-	BEEJFJ_02995	12.8	9.8		RefSeq:WP_251446165.1, SO:0001217, UniParc:UPI00203E6007, UniRef:UniRef100_UPI00203E6007, UniRef:UniRef50_UPI00203E6007, UniRef:UniRef90_UPI00203E6007
contig_6	4274	4954	-	BEEJFJ_03000	26.1	4.9		SO:0001217, UniRef:UniRef50_UPI00204052F5, UniRef:UniRef90_UPI00204052F5
contig_6	35802	35966	-	BEEJFJ_03130	6.4	5.0		RefSeq:WP_251446245.1, SO:0001217, UniParc:UPI00203AF2B3, UniRef:UniRef100_UPI00203AF2B3, UniRef:UniRef50_UPI00203AF2B3, UniRef:UniRef90_UPI00203AF2B3
contig_6	71240	71578	-	BEEJFJ_03310	12.0	9.2		RefSeq:WP_251446354.1, SO:0001217, UniParc:UPI00203E5975, UniRef:UniRef100_UPI00203E5975, UniRef:UniRef50_UPI00203E5975, UniRef:UniRef90_UPI00203E5975
contig_6	76112	76651	-	BEEJFJ_03335	20.8	4.9		RefSeq:WP_251446368.1, SO:0001217, UniParc:UPI00203F72D9, UniRef:UniRef100_UPI00203F72D9, UniRef:UniRef50_UPI00203F72D9, UniRef:UniRef90_UPI00203F72D9
contig_7	47581	47751	+	BEEJFJ_03650	5.5	7.9		RefSeq:WP_251446546.1, SO:0001217, UniParc:UPI00203FECD6, UniRef:UniRef100_UPI00203FECD6, UniRef:UniRef50_UPI00203FECD6, UniRef:UniRef90_UPI00203FECD6
contig_8	25230	26696	-	BEEJFJ_03965	54.1	4.6		RefSeq:WP_251446743.1, SO:0001217, UniParc:UPI002040029A, UniRef:UniRef100_UPI002040029A, UniRef:UniRef50_UPI002040029A, UniRef:UniRef90_UPI002040029A
contig_8	57504	58673	-	BEEJFJ_04115	41.4	9.2		SO:0001217, UniRef:UniRef50_UPI00203CFAC9, UniRef:UniRef90_UPI00203B4722
contig_8	62784	65135	-	BEEJFJ_04140	82.9	5.5	PF00456.25|Transketolase_N, PF02878.20|PGM_PMM_I, PF02879.20|PGM_PMM_II, PF02880.20|PGM_PMM_III	PFAM:PF00456.25, PFAM:PF02878.20, PFAM:PF02879.20, PFAM:PF02880.20
contig_8	77740	78036	-	BEEJFJ_04210	11.1	5.1		RefSeq:WP_251446884.1, SO:0001217, UniParc:UPI00203DE574, UniRef:UniRef100_UPI00203DE574, UniRef:UniRef50_UPI00203DE574, UniRef:UniRef90_UPI00203DE574
contig_9	17797	18453	-	BEEJFJ_04330	25.0	9.8		SO:0001217, UniRef:UniRef50_A0A133XX78
contig_9	33685	33945	-	BEEJFJ_04430	9.1	4.7		RefSeq:WP_251447016.1, SO:0001217, UniParc:UPI002041991F, UniRef:UniRef100_UPI002041991F, UniRef:UniRef50_UPI002041991F, UniRef:UniRef90_UPI002041991F
contig_9	33938	34213	-	BEEJFJ_04435	10.0	4.6		RefSeq:WP_251447019.1, SO:0001217, UniParc:UPI00203C3F55, UniRef:UniRef100_UPI00203C3F55, UniRef:UniRef50_UPI00203C3F55, UniRef:UniRef90_UPI00203C3F55
contig_9	35174	35596	-	BEEJFJ_04445	15.5	4.9		RefSeq:WP_251447028.1, SO:0001217, UniParc:UPI00203B9211, UniRef:UniRef100_UPI00203B9211, UniRef:UniRef50_UPI00203B9211, UniRef:UniRef90_UPI00203B9211
contig_9	35580	36014	-	BEEJFJ_04450	16.7	4.6		RefSeq:WP_251447031.1, SO:0001217, UniParc:UPI00203EBDFF, UniRef:UniRef100_UPI00203EBDFF, UniRef:UniRef50_UPI00203EBDFF, UniRef:UniRef90_UPI00203EBDFF
contig_9	36011	36388	-	BEEJFJ_04455	14.6	5.4		RefSeq:WP_251447034.1, SO:0001217, UniParc:UPI00203FEAF4, UniRef:UniRef100_UPI00203FEAF4, UniRef:UniRef50_UPI00203FEAF4, UniRef:UniRef90_UPI00203FEAF4
contig_9	36809	37189	-	BEEJFJ_04460	14.4	9.3		RefSeq:WP_251447037.1, SO:0001217, UniParc:UPI00203BE03D, UniRef:UniRef100_UPI00203BE03D, UniRef:UniRef50_UPI00203BE03D, UniRef:UniRef90_UPI00203BE03D
contig_9	37962	39311	-	BEEJFJ_04465	47.5	4.8		RefSeq:WP_251447040.1, SO:0001217, UniParc:UPI00204146CD, UniRef:UniRef100_UPI00204146CD, UniRef:UniRef50_UPI00204146CD, UniRef:UniRef90_UPI00204146CD
contig_9	39308	39640	-	BEEJFJ_04470	12.5	4.6		RefSeq:WP_251447041.1, SO:0001217, UniParc:UPI00203BFE0E, UniRef:UniRef100_UPI00203BFE0E, UniRef:UniRef50_UPI00203BFE0E, UniRef:UniRef90_UPI00203BFE0E
contig_9	39806	40081	-	BEEJFJ_04480	10.0	4.2		RefSeq:WP_251447045.1, SO:0001217, UniParc:UPI0020407BBF, UniRef:UniRef100_UPI0020407BBF, UniRef:UniRef50_UPI0020407BBF, UniRef:UniRef90_UPI0020407BBF
contig_9	40078	40860	-	BEEJFJ_04485	27.6	5.5		RefSeq:WP_251447047.1, SO:0001217, UniParc:UPI0020412E5C, UniRef:UniRef100_UPI0020412E5C, UniRef:UniRef50_UPI0020412E5C, UniRef:UniRef90_UPI0020412E5C
contig_9	43105	44097	-	BEEJFJ_04510	36.0	7.6		RefSeq:WP_251447056.1, SO:0001217, UniParc:UPI00203F9C27, UniRef:UniRef100_UPI00203F9C27, UniRef:UniRef50_UPI00203F9C27, UniRef:UniRef90_UPI00203F9C27
contig_9	47015	47275	+	BEEJFJ_04525	9.6	6.1		RefSeq:WP_251447062.1, SO:0001217, UniParc:UPI00203F6452, UniRef:UniRef100_UPI00203F6452, UniRef:UniRef50_UPI00203F6452, UniRef:UniRef90_UPI00203F6452
contig_9	49463	49915	-	BEEJFJ_04545	17.1	5.4	PF20765.1|DUF6838	PFAM:PF20765.1, RefSeq:WP_251447070.1, SO:0001217, UniParc:UPI00203DDE2B, UniRef:UniRef100_UPI00203DDE2B, UniRef:UniRef50_UPI00203DDE2B, UniRef:UniRef90_UPI00203DDE2B
contig_9	49916	50332	-	BEEJFJ_04550	15.5	10.9		RefSeq:WP_251447072.1, SO:0001217, UniParc:UPI00203CA9F0, UniRef:UniRef100_UPI00203CA9F0, UniRef:UniRef50_UPI00203CA9F0, UniRef:UniRef90_UPI00203CA9F0
contig_9	50332	50943	-	BEEJFJ_04555	23.1	8.6		RefSeq:WP_251447074.1, SO:0001217, UniParc:UPI002042566D, UniRef:UniRef100_UPI002042566D, UniRef:UniRef50_UPI002042566D, UniRef:UniRef90_UPI002042566D
contig_9	51537	51983	-	BEEJFJ_04570	14.8	5.4		RefSeq:WP_251447080.1, SO:0001217, UniParc:UPI00203C6B5F, UniRef:UniRef100_UPI00203C6B5F, UniRef:UniRef50_UPI00203C6B5F, UniRef:UniRef90_UPI00203C6B5F
contig_9	55227	55454	-	BEEJFJ_04590	8.0	10.0		RefSeq:WP_251447088.1, SO:0001217, UniParc:UPI00203B050E, UniRef:UniRef100_UPI00203B050E, UniRef:UniRef50_A0A1Y3REU1, UniRef:UniRef90_UPI00203B050E
contig_9	58323	58496	-	BEEJFJ_04605	6.6	6.5		RefSeq:WP_251447094.1, SO:0001217, UniParc:UPI00204179A8, UniRef:UniRef100_UPI00204179A8, UniRef:UniRef50_UPI00204179A8, UniRef:UniRef90_UPI00204179A8
contig_9	60026	60619	-	BEEJFJ_04620	22.5	5.1		SO:0001217, UniRef:UniRef50_UPI00203BAB11, UniRef:UniRef90_UPI00203BAB11
contig_9	60677	61015	-	BEEJFJ_04625	13.1	4.5		RefSeq:WP_251447101.1, SO:0001217, UniParc:UPI00203F6A7D, UniRef:UniRef100_UPI00203F6A7D, UniRef:UniRef50_UPI00203F6A7D, UniRef:UniRef90_UPI00203F6A7D
contig_9	62958	63311	-	BEEJFJ_04635	13.5	8.0		RefSeq:WP_251447105.1, SO:0001217, UniParc:UPI0020412912, UniRef:UniRef100_UPI0020412912, UniRef:UniRef50_UPI0020412912, UniRef:UniRef90_UPI0020412912
contig_9	67765	68034	-	BEEJFJ_04660	10.2	9.4		
contig_9	75615	75908	+	BEEJFJ_04705	9.3	4.5		RefSeq:WP_251447149.1, SO:0001217, UniParc:UPI002040FDAD, UniRef:UniRef100_UPI002040FDAD, UniRef:UniRef50_UPI002040FDAD, UniRef:UniRef90_UPI002040FDAD
contig_10	4694	5473	-	BEEJFJ_04740	28.2	9.4		RefSeq:WP_251447174.1, SO:0001217, UniParc:UPI0020424BD1, UniRef:UniRef100_UPI0020424BD1, UniRef:UniRef50_UPI0020424BD1, UniRef:UniRef90_UPI0020424BD1
contig_10	31673	31942	-	BEEJFJ_04870	9.7	5.0		RefSeq:WP_251447226.1, SO:0001217, UniParc:UPI00203BBF74, UniRef:UniRef100_UPI00203BBF74, UniRef:UniRef50_UPI00203BBF74, UniRef:UniRef90_UPI00203BBF74
contig_10	65212	65406	-	BEEJFJ_05015	7.6	5.3		RefSeq:WP_251447290.1, SO:0001217, UniParc:UPI00203E83E7, UniRef:UniRef100_UPI00203E83E7, UniRef:UniRef50_UPI00203E83E7, UniRef:UniRef90_UPI00203E83E7
contig_11	8663	8932	+	BEEJFJ_05080	9.6	4.4		
contig_11	8970	9779	+	BEEJFJ_05085	32.5	6.0		SO:0001217, UniRef:UniRef50_UPI00203E6C19, UniRef:UniRef90_UPI00203E6C19
contig_11	10398	10739	+	BEEJFJ_05095	11.7	4.8		SO:0001217, UniRef:UniRef50_UPI00203C744B, UniRef:UniRef90_UPI00203C744B
contig_11	13679	14092	+	BEEJFJ_05110	14.5	6.6		RefSeq:WP_251447350.1, SO:0001217, UniParc:UPI00203F039A, UniRef:UniRef100_UPI00203F039A, UniRef:UniRef50_UPI00203F039A, UniRef:UniRef90_UPI00203F039A
contig_11	14141	14698	+	BEEJFJ_05115	20.0	5.9		RefSeq:WP_251447353.1, SO:0001217, UniParc:UPI00203AD3BF, UniRef:UniRef100_UPI00203AD3BF, UniRef:UniRef50_UPI00203AD3BF, UniRef:UniRef90_UPI00203AD3BF
contig_11	23272	24480	+	BEEJFJ_05150	42.4	8.4		RefSeq:WP_251447374.1, SO:0001217, UniParc:UPI00203CFAC9, UniRef:UniRef100_UPI00203CFAC9, UniRef:UniRef50_UPI00203CFAC9, UniRef:UniRef90_UPI00203CFAC9
contig_11	34255	34431	-	BEEJFJ_05205	6.7	4.8		RefSeq:WP_251447407.1, SO:0001217, UniParc:UPI0020424B0D, UniRef:UniRef100_UPI0020424B0D, UniRef:UniRef50_R9M4W2, UniRef:UniRef90_UPI0020424B0D
contig_11	37285	37392	+	BEEJFJ_05225	4.0	5.1		
contig_12	11008	11475	-	BEEJFJ_05460	17.4	5.8		RefSeq:WP_251447522.1, SO:0001217, UniParc:UPI00204188DF, UniRef:UniRef100_UPI00204188DF, UniRef:UniRef50_UPI00204188DF, UniRef:UniRef90_UPI00204188DF
contig_12	11472	11657	-	BEEJFJ_05465	6.9	5.0		RefSeq:WP_251447525.1, SO:0001217, UniParc:UPI00203B0E95, UniRef:UniRef100_UPI00203B0E95, UniRef:UniRef50_UPI00203B0E95, UniRef:UniRef90_UPI00203B0E95
contig_12	13340	14068	-	BEEJFJ_05480	26.9	8.0		RefSeq:WP_251447531.1, SO:0001217, UniParc:UPI00203AE37E, UniRef:UniRef100_UPI00203AE37E, UniRef:UniRef50_UPI00272DD1EF, UniRef:UniRef90_UPI00203AE37E
contig_12	14065	14922	-	BEEJFJ_05485	31.8	5.9		RefSeq:WP_251447534.1, SO:0001217, UniParc:UPI00203F0046, UniRef:UniRef100_UPI00203F0046, UniRef:UniRef50_UPI0019571563, UniRef:UniRef90_UPI00203F0046
contig_12	19582	20064	+	BEEJFJ_05520	17.5	4.8		RefSeq:WP_251447552.1, SO:0001217, UniParc:UPI00203BFE07, UniRef:UniRef100_UPI00203BFE07, UniRef:UniRef50_UPI00203BFE07, UniRef:UniRef90_UPI00203BFE07
contig_12	20148	21089	+	BEEJFJ_05525	34.3	8.6		
contig_12	23775	24116	+	BEEJFJ_05535	12.9	7.8		RefSeq:WP_251447567.1, SO:0001217, UniParc:UPI0020420696, UniRef:UniRef100_UPI0020420696, UniRef:UniRef50_I4DC74, UniRef:UniRef90_UPI0020420696
contig_12	24194	24805	+	BEEJFJ_05540	23.4	10.4		RefSeq:WP_251447570.1, SO:0001217, UniParc:UPI00203F8B3D, UniRef:UniRef100_UPI00203F8B3D, UniRef:UniRef50_UPI00203F8B3D, UniRef:UniRef90_UPI00203F8B3D
contig_12	25696	26667	+	BEEJFJ_05550	36.9	9.0		RefSeq:WP_251447576.1, SO:0001217, UniParc:UPI0020410ADB, UniRef:UniRef100_UPI0020410ADB, UniRef:UniRef50_UPI0020410ADB, UniRef:UniRef90_UPI0020410ADB
contig_12	26802	27065	+	BEEJFJ_05555	9.7	6.1	PF21757.1|DUF6870	PFAM:PF21757.1, SO:0001217, UniRef:UniRef50_UPI00203A6909, UniRef:UniRef90_UPI00203A6909
contig_12	56068	56538	-	BEEJFJ_05700	16.5	4.7		RefSeq:WP_251447634.1, SO:0001217, UniParc:UPI00203ECA08, UniRef:UniRef100_UPI00203ECA08, UniRef:UniRef50_UPI00203ECA08, UniRef:UniRef90_UPI00203ECA08
contig_12	69872	70045	-	BEEJFJ_05785	6.4	8.1		RefSeq:WP_251447676.1, SO:0001217, UniParc:UPI00203D7C88, UniRef:UniRef100_UPI00203D7C88, UniRef:UniRef50_UPI00203D7C88, UniRef:UniRef90_UPI00203D7C88
contig_13	21340	21474	-	BEEJFJ_05910	5.4	10.1		
contig_13	43912	44058	+	BEEJFJ_06010	5.1	5.2		
contig_13	44216	44515	+	BEEJFJ_06015	10.8	4.7		RefSeq:WP_251447817.1, SO:0001217, UniParc:UPI002040ACB1, UniRef:UniRef100_UPI002040ACB1, UniRef:UniRef50_UPI002040ACB1, UniRef:UniRef90_UPI002040ACB1
contig_13	44503	44733	+	BEEJFJ_06020	8.5	4.9		RefSeq:WP_251447820.1, SO:0001217, UniParc:UPI00203A7385, UniRef:UniRef100_UPI00203A7385, UniRef:UniRef50_UPI00203A7385, UniRef:UniRef90_UPI00203A7385
contig_13	45370	45855	+	BEEJFJ_06030	18.3	7.7		RefSeq:WP_251447829.1, SO:0001217, UniParc:UPI00203F5980, UniRef:UniRef100_UPI00203F5980, UniRef:UniRef50_UPI00203F5980, UniRef:UniRef90_UPI00203F5980
contig_13	45868	46497	+	BEEJFJ_06035	23.7	10.0		RefSeq:WP_251447832.1, SO:0001217, UniParc:UPI00203FD522, UniRef:UniRef100_UPI00203FD522, UniRef:UniRef50_UPI00203FD522, UniRef:UniRef90_UPI00203FD522
contig_13	47448	47696	+	BEEJFJ_06045	9.5	6.6		RefSeq:WP_251447838.1, SO:0001217, UniParc:UPI0020410302, UniRef:UniRef100_UPI0020410302, UniRef:UniRef50_UPI0020410302, UniRef:UniRef90_UPI0020410302
contig_13	57832	58689	-	BEEJFJ_06085	33.0	5.9		RefSeq:WP_251447861.1, SO:0001217, UniParc:UPI00203DE8B4, UniRef:UniRef100_UPI00203DE8B4, UniRef:UniRef50_UPI00203DE8B4, UniRef:UniRef90_UPI00203DE8B4
contig_14	18624	18938	-	BEEJFJ_06250	11.2	7.8		RefSeq:WP_251447950.1, SO:0001217, UniParc:UPI002040C9C6, UniRef:UniRef100_UPI002040C9C6, UniRef:UniRef50_UPI002040C9C6, UniRef:UniRef90_UPI002040C9C6
contig_14	27670	27957	-	BEEJFJ_06310	10.4	6.3		RefSeq:WP_251447979.1, SO:0001217, UniParc:UPI00203A676F, UniRef:UniRef100_UPI00203A676F, UniRef:UniRef50_UPI00203A676F, UniRef:UniRef90_UPI00203A676F
contig_14	35376	35534	+	BEEJFJ_06360	6.0	4.6		RefSeq:WP_251448013.1, SO:0001217, UniParc:UPI002040465A, UniRef:UniRef100_UPI002040465A, UniRef:UniRef50_UPI002040465A, UniRef:UniRef90_UPI002040465A
contig_15	208	2163	+	BEEJFJ_06485	72.7	4.3		RefSeq:WP_251448094.1, SO:0001217, UniParc:UPI0020404266, UniRef:UniRef100_UPI0020404266, UniRef:UniRef50_UPI0020404266, UniRef:UniRef90_UPI0020404266
contig_15	29417	29623	-	BEEJFJ_06630	7.2	4.5		RefSeq:WP_251448175.1, SO:0001217, UniParc:UPI00203FA5F1, UniRef:UniRef100_UPI00203FA5F1, UniRef:UniRef50_UPI00203FA5F1, UniRef:UniRef90_UPI00203FA5F1
contig_15	37182	37751	+	BEEJFJ_06670	20.9	7.7		RefSeq:WP_251448199.1, SO:0001217, UniParc:UPI00203E0EF6, UniRef:UniRef100_UPI00203E0EF6, UniRef:UniRef50_UPI00203E0EF6, UniRef:UniRef90_UPI00203E0EF6
contig_15	41715	43214	+	BEEJFJ_06705	56.0	4.9		RefSeq:WP_251448220.1, SO:0001217, UniParc:UPI00203BDF92, UniRef:UniRef100_UPI00203BDF92, UniRef:UniRef50_UPI00203BDF92, UniRef:UniRef90_UPI00203BDF92
contig_16	916	1086	-	BEEJFJ_06785	5.9	10.1		RefSeq:WP_251448270.1, SO:0001217, UniParc:UPI00203D4576, UniRef:UniRef100_UPI00203D4576, UniRef:UniRef50_UPI00203D4576, UniRef:UniRef90_UPI00203D4576
contig_16	6749	7450	-	BEEJFJ_06810	26.0	4.9		SO:0001217, UniRef:UniRef50_UPI00203E2BED, UniRef:UniRef90_UPI00203E2BED
contig_16	13835	14104	-	BEEJFJ_06850	9.9	4.3		RefSeq:WP_251448305.1, SO:0001217, UniParc:UPI002040A1AB, UniRef:UniRef100_UPI002040A1AB, UniRef:UniRef50_UPI002040A1AB, UniRef:UniRef90_UPI002040A1AB
contig_16	42201	42494	-	BEEJFJ_06975	10.1	4.8		RefSeq:WP_251448369.1, SO:0001217, UniParc:UPI00203A6A7C, UniRef:UniRef100_UPI00203A6A7C, UniRef:UniRef50_UPI00203A6A7C, UniRef:UniRef90_UPI00203A6A7C
contig_17	34389	36635	-	BEEJFJ_07160	79.9	4.5	PF16244.9|DUF4901	PFAM:PF16244.9, RefSeq:WP_251448466.1, SO:0001217, UniParc:UPI00203FADD0, UniRef:UniRef100_UPI00203FADD0, UniRef:UniRef50_UPI00203FADD0, UniRef:UniRef90_UPI00203FADD0
contig_17	36892	37233	+	BEEJFJ_07165	12.5	6.4		RefSeq:WP_251448468.1, SO:0001217, UniParc:UPI002041D884, UniRef:UniRef100_UPI002041D884, UniRef:UniRef50_UPI002041D884, UniRef:UniRef90_UPI002041D884
contig_18	21602	21694	+	BEEJFJ_07300	3.5	8.3		
contig_18	33175	33756	-	BEEJFJ_07365	20.6	4.1		RefSeq:WP_251448574.1, SO:0001217, UniParc:UPI00203D585B, UniRef:UniRef100_UPI00203D585B, UniRef:UniRef50_UPI00203D585B, UniRef:UniRef90_UPI00203D585B
contig_19	11638	12234	-	BEEJFJ_07445	22.2	7.6		RefSeq:WP_251448615.1, SO:0001217, UniParc:UPI0020403D49, UniRef:UniRef100_UPI0020403D49, UniRef:UniRef50_UPI0020403D49, UniRef:UniRef90_UPI0020403D49
contig_19	21360	21674	-	BEEJFJ_07500	11.4	6.3		RefSeq:WP_251448626.1, SO:0001217, UniParc:UPI00204014A5, UniRef:UniRef100_UPI00204014A5, UniRef:UniRef50_UPI00204014A5, UniRef:UniRef90_UPI00204014A5
contig_19	40555	40689	+	BEEJFJ_07585	4.9	4.2		
contig_20	5596	5703	+	BEEJFJ_07620	3.9	9.7		
contig_20	30136	30474	+	BEEJFJ_07740	13.6	5.0		RefSeq:WP_251448709.1, SO:0001217, UniParc:UPI002040ACBB, UniRef:UniRef100_UPI002040ACBB, UniRef:UniRef50_UPI002040ACBB, UniRef:UniRef90_UPI002040ACBB
contig_22	7971	8390	+	BEEJFJ_07975	16.5	5.8		RefSeq:WP_251448803.1, SO:0001217, UniParc:UPI0020426A71, UniRef:UniRef100_UPI0020426A71, UniRef:UniRef50_A0A174TVY0, UniRef:UniRef90_UPI0020426A71
contig_22	14563	15009	-	BEEJFJ_08015	15.6	5.8		RefSeq:WP_251448819.1, SO:0001217, UniParc:UPI0020426AEC, UniRef:UniRef100_UPI0020426AEC, UniRef:UniRef50_UPI0020426AEC, UniRef:UniRef90_UPI0020426AEC
contig_23	14991	15326	-	BEEJFJ_08195	12.8	4.7		RefSeq:WP_251448890.1, SO:0001217, UniParc:UPI00203FE38D, UniRef:UniRef100_UPI00203FE38D, UniRef:UniRef50_A0A1I2VUP8, UniRef:UniRef90_UPI00203FE38D
contig_23	17112	17315	-	BEEJFJ_08205	7.3	8.1		RefSeq:WP_251448894.1, SO:0001217, UniParc:UPI00203F0DEB, UniRef:UniRef100_UPI00203F0DEB, UniRef:UniRef50_V2YJC9, UniRef:UniRef90_UPI00203F0DEB
contig_23	19003	19533	-	BEEJFJ_08220	19.5	5.8		RefSeq:WP_251448900.1, SO:0001217, UniParc:UPI002040F6C1, UniRef:UniRef100_UPI002040F6C1, UniRef:UniRef50_A0A923S839, UniRef:UniRef90_UPI002040F6C1
contig_23	32997	33527	-	BEEJFJ_08275	18.4	4.2		RefSeq:WP_251448917.1, SO:0001217, UniParc:UPI00203BD6C1, UniRef:UniRef100_UPI00203BD6C1, UniRef:UniRef50_A0A9D2NZ64, UniRef:UniRef90_UPI00203BD6C1
contig_23	34004	34441	-	BEEJFJ_08285	15.9	4.7		RefSeq:WP_251448920.1, SO:0001217, UniParc:UPI00203ABE76, UniRef:UniRef100_UPI00203ABE76, UniRef:UniRef50_UPI00203ABE76, UniRef:UniRef90_UPI00203ABE76
contig_24	12192	12362	+	BEEJFJ_08335	6.6	4.7		RefSeq:WP_251448931.1, SO:0001217, UniParc:UPI00203F9287, UniRef:UniRef100_UPI00203F9287, UniRef:UniRef50_UPI00203F9287, UniRef:UniRef90_UPI00203F9287
contig_25	22262	22759	+	BEEJFJ_08515	18.3	10.0		RefSeq:WP_251448966.1, SO:0001217, UniParc:UPI0020405E31, UniRef:UniRef100_UPI0020405E31, UniRef:UniRef50_UPI0020405E31, UniRef:UniRef90_UPI0020405E31
contig_26	3776	4423	+	BEEJFJ_08570	22.9	4.2		RefSeq:WP_251448977.1, SO:0001217, UniParc:UPI00203FD98D, UniRef:UniRef100_UPI00203FD98D, UniRef:UniRef50_UPI00203FD98D, UniRef:UniRef90_UPI00203FD98D
contig_26	21623	21826	+	BEEJFJ_08645	8.0	5.8		RefSeq:WP_251448992.1, SO:0001217, UniParc:UPI002041E0E2, UniRef:UniRef100_UPI002041E0E2, UniRef:UniRef50_UPI002041E0E2, UniRef:UniRef90_UPI002041E0E2
contig_27	7640	8749	-	BEEJFJ_08700	40.7	4.5		RefSeq:WP_251449002.1, SO:0001217, UniParc:UPI00203D58D3, UniRef:UniRef100_UPI00203D58D3, UniRef:UniRef50_UPI00203D58D3, UniRef:UniRef90_UPI00203D58D3
contig_27	13660	15873	-	BEEJFJ_08725	84.0	4.1		RefSeq:WP_251449007.1, SO:0001217, UniParc:UPI00204017A8, UniRef:UniRef100_UPI00204017A8, UniRef:UniRef50_UPI00204017A8, UniRef:UniRef90_UPI00204017A8
contig_29	6705	7370	+	BEEJFJ_08940	24.1	4.4		RefSeq:WP_251449049.1, SO:0001217, UniParc:UPI002040F724, UniRef:UniRef100_UPI002040F724, UniRef:UniRef50_UPI002040F724, UniRef:UniRef90_UPI002040F724
contig_29	7387	8022	+	BEEJFJ_08945	23.7	4.3		RefSeq:WP_251449050.1, SO:0001217, UniParc:UPI0020409C5E, UniRef:UniRef100_UPI0020409C5E, UniRef:UniRef50_UPI0020409C5E, UniRef:UniRef90_UPI0020409C5E
contig_29	8913	10748	+	BEEJFJ_08955	68.5	4.4		RefSeq:WP_251449051.1, SO:0001217, UniParc:UPI00203B1498, UniRef:UniRef100_UPI00203B1498, UniRef:UniRef50_UPI00203B1498, UniRef:UniRef90_UPI00203B1498
contig_30	8061	8234	-	BEEJFJ_09065	6.3	4.2		RefSeq:WP_251449073.1, SO:0001217, UniParc:UPI00204027B5, UniRef:UniRef100_UPI00204027B5, UniRef:UniRef50_UPI0018A0F3B9, UniRef:UniRef90_UPI00204027B5
contig_30	13920	14525	+	BEEJFJ_09100	22.9	10.2		RefSeq:WP_251449080.1, SO:0001217, UniParc:UPI00204215A8, UniRef:UniRef100_UPI00204215A8, UniRef:UniRef50_UPI00204215A8, UniRef:UniRef90_UPI00204215A8
contig_31	7626	9089	-	BEEJFJ_09170	54.3	4.4		RefSeq:WP_251449095.1, SO:0001217, UniParc:UPI00204047C6, UniRef:UniRef100_UPI00204047C6, UniRef:UniRef50_UPI00204047C6, UniRef:UniRef90_UPI00204047C6
contig_31	11367	12044	+	BEEJFJ_09190	26.2	8.3		RefSeq:WP_251449099.1, SO:0001217, UniParc:UPI00203E9EAB, UniRef:UniRef100_UPI00203E9EAB, UniRef:UniRef50_A0A6S6XE47, UniRef:UniRef90_UPI00203E9EAB
contig_32	28	7809	+	BEEJFJ_09245	281.2	4.1		RefSeq:WP_251449110.1, SO:0001217, UniParc:UPI0020420FF2, UniRef:UniRef100_UPI0020420FF2, UniRef:UniRef50_UPI0020420FF2, UniRef:UniRef90_UPI0020420FF2
contig_32	7979	14203	+	BEEJFJ_09250	225.8	4.3		RefSeq:WP_251449111.1, SO:0001217, UniParc:UPI00203E880E, UniRef:UniRef100_UPI00203E880E, UniRef:UniRef50_UPI00203E880E, UniRef:UniRef90_UPI00203E880E
contig_32	15361	17484	-	BEEJFJ_09255	71.0	9.9		
contig_39	2	745	+	BEEJFJ_09665	28.4	9.3	PF08459.15|UvrC_RNaseH_dom, PF12826.11|HHH_2, PF14520.10|HHH_5	PFAM:PF08459.15, PFAM:PF12826.11, PFAM:PF14520.10
contig_39	2474	4156	-	BEEJFJ_09685	57.6	5.6	PF00415.22|RCC1, PF07833.15|Cu_amine_oxidN1, PF13540.10|RCC1_2	PFAM:PF00415.22, PFAM:PF07833.15, PFAM:PF13540.10, RefSeq:WP_251449240.1, SO:0001217, UniParc:UPI00203C5A6D, UniRef:UniRef100_UPI00203C5A6D, UniRef:UniRef50_UPI00203C5A6D, UniRef:UniRef90_UPI00203C5A6D
contig_40	1277	2446	-	BEEJFJ_09730	41.0	6.9		RefSeq:WP_251449257.1, SO:0001217, UniParc:UPI0020425471, UniRef:UniRef100_UPI0020425471, UniRef:UniRef50_UPI000C1C49E2, UniRef:UniRef90_UPI0020425471
contig_41	91	2082	-	BEEJFJ_09770	74.3	4.8		KEGG:K16919, SO:0001217, UniRef:UniRef50_UPI00203E5F98, UniRef:UniRef90_UPI00203E5F98
contig_43	6998	7339	-	BEEJFJ_09870	12.8	6.5		RefSeq:WP_251449317.1, SO:0001217, UniParc:UPI002040C407, UniRef:UniRef100_UPI002040C407, UniRef:UniRef50_UPI002040C407, UniRef:UniRef90_UPI002040C407
contig_43	7630	8079	+	BEEJFJ_09880	16.7	9.9		SO:0001217, UniRef:UniRef50_UPI00203C1713, UniRef:UniRef90_UPI00203C1713
contig_47	31	405	+	BEEJFJ_09985	13.1	5.2		
contig_47	5633	6526	+	BEEJFJ_10020	32.3	4.2		RefSeq:WP_251449377.1, SO:0001217, UniParc:UPI00203A7599, UniRef:UniRef100_UPI00203A7599, UniRef:UniRef50_UPI00203A7599, UniRef:UniRef90_UPI00203A7599
contig_50	605	844	+	BEEJFJ_10130	8.4	6.1		RefSeq:WP_251449399.1, SO:0001217, UniParc:UPI00203D44C9, UniRef:UniRef100_UPI00203D44C9, UniRef:UniRef50_UPI00203D44C9, UniRef:UniRef90_UPI00203D44C9
contig_50	2295	2420	+	BEEJFJ_10145	4.8	10.1		
contig_51	2378	3319	+	BEEJFJ_10165	32.9	4.6		SO:0001217, UniParc:UPI002408236E, UniRef:UniRef100_UPI002408236E, UniRef:UniRef50_UPI002408236E, UniRef:UniRef90_UPI002408236E
contig_51	3339	4358	+	BEEJFJ_10170	35.8	10.0		SO:0001217, UniRef:UniRef50_UPI00203CA670, UniRef:UniRef90_UPI00203CA670
contig_52	85	2481	-	BEEJFJ_10175	89.1	5.0	PF08238.16|Sel1, PF13431.10|TPR_17	PFAM:PF08238.16, PFAM:PF13431.10
contig_55	1071	1292	-	BEEJFJ_10190	8.2	6.0		
contig_56	217	1323	-	BEEJFJ_10195	42.2	9.3	PF00078.31|RVT_1	PFAM:PF00078.31
